name,status,detail,size_orig,size_compiled,first_diff_offset
NPC_Burah_Aglaja.bin,OK_ROUNDTRIP,,50817,50817,
NPC_Burah_Alexandr.bin,OK_ROUNDTRIP,,21719,21719,
NPC_Burah_Andrei.bin,OK_ROUNDTRIP,,35378,35378,
NPC_Burah_Anna.bin,OK_ROUNDTRIP,,22685,22685,
NPC_Burah_BigVlad.bin,OK_ROUNDTRIP,,50895,50895,
NPC_Burah_Block.bin,OK_ROUNDTRIP,,34738,34738,
NPC_Burah_Danko.bin,OK_ROUNDTRIP,,140249,140249,
NPC_Burah_Eva.bin,OK_ROUNDTRIP,,26822,26822,
NPC_Burah_Georg.bin,OK_ROUNDTRIP,,24806,24806,
NPC_Burah_Gorbun.bin,SCOMP_ERROR,"Error during compilation: ""Variable ""_null_obj"" not found (compiling: ""t2::init"")""",19679,0,
NPC_Burah_Grif.bin,OK_ROUNDTRIP,,65926,65926,
NPC_Burah_Han.bin,OK_ROUNDTRIP,,19453,19453,
NPC_Burah_Julia.bin,OK_ROUNDTRIP,,13266,13266,
NPC_Burah_Kapella.bin,OK_ROUNDTRIP,,71342,71342,
NPC_Burah_Katerina.bin,OK_ROUNDTRIP,,27220,27220,
NPC_Burah_Lara.bin,OK_ROUNDTRIP,,27514,27514,
NPC_Burah_Laska.bin,OK_ROUNDTRIP,,31003,31003,
NPC_Burah_Maria.bin,OK_ROUNDTRIP,,27092,27092,
NPC_Burah_Mark.bin,OK_ROUNDTRIP,,13348,13348,
NPC_Burah_Mat.bin,OK_ROUNDTRIP,,38089,38089,
NPC_Burah_Mishka.bin,OK_ROUNDTRIP,,32834,32834,
NPC_Burah_MladVlad.bin,SCOMP_ERROR,"Error during compilation: ""Variable ""_null_obj"" not found (compiling: ""t2::init"")""",56808,0,
NPC_Burah_Notkin.bin,OK_ROUNDTRIP,,88139,88139,
NPC_Burah_Ospina.bin,BIN_MISMATCH,,52044,52031,0xd27
NPC_Burah_Petr.bin,OK_ROUNDTRIP,,16601,16601,
NPC_Burah_Rubin.bin,OK_ROUNDTRIP,,11075,11075,
NPC_Burah_Spi4ka.bin,OK_ROUNDTRIP,,23769,23769,
NPC_Burah_Starshina.bin,OK_ROUNDTRIP,,54907,54907,
NPC_Burah_Viktor.bin,OK_ROUNDTRIP,,22267,22267,
NPC_Danko_Aglaja.bin,OK_ROUNDTRIP,,80671,80671,
NPC_Danko_Alexandr.bin,BIN_MISMATCH,,89866,89853,0x1402
NPC_Danko_Andrei.bin,OK_ROUNDTRIP,,66902,66902,
NPC_Danko_Anna.bin,OK_ROUNDTRIP,,69411,69411,
NPC_Danko_BigVlad.bin,OK_ROUNDTRIP,,90837,90837,
NPC_Danko_Block.bin,OK_ROUNDTRIP,,37567,37567,
NPC_Danko_Eva.bin,BIN_MISMATCH,,54971,54963,0x8815
NPC_Danko_Georg.bin,OK_ROUNDTRIP,,74143,74143,
NPC_Danko_Grif.bin,OK_ROUNDTRIP,,63424,63424,
NPC_Danko_Han.bin,BIN_MISMATCH,,43699,43686,0xa89
NPC_Danko_Julia.bin,BIN_MISMATCH,,69827,69814,0xf8c
NPC_Danko_Kapella.bin,BIN_MISMATCH,,59851,59838,0xe27
NPC_Danko_Katerina.bin,OK_ROUNDTRIP,,56476,56476,
NPC_Danko_Lara.bin,OK_ROUNDTRIP,,87110,87110,
NPC_Danko_Laska.bin,OK_ROUNDTRIP,,34532,34532,
NPC_Danko_Maria.bin,OK_ROUNDTRIP,,69163,69163,
NPC_Danko_Mark.bin,OK_ROUNDTRIP,,36232,36232,
NPC_Danko_Mat.bin,OK_ROUNDTRIP,,33497,33497,
NPC_Danko_Mishka.bin,OK_ROUNDTRIP,,18974,18974,
NPC_Danko_MladVlad.bin,SCOMP_ERROR,"Error during compilation: ""Variable ""_null_obj"" not found (compiling: ""t2::init"")""",115590,0,
NPC_Danko_Notkin.bin,OK_ROUNDTRIP,,27787,27787,
NPC_Danko_Nudegirl.bin,OK_ROUNDTRIP,,16010,16010,
NPC_Danko_Ospina.bin,OK_ROUNDTRIP,,55940,55940,
NPC_Danko_Petr.bin,OK_ROUNDTRIP,,49380,49380,
NPC_Danko_Rubin.bin,OK_ROUNDTRIP,,57141,57141,
NPC_Danko_Spi4ka.bin,OK_ROUNDTRIP,,41142,41142,
NPC_Danko_Viktor.bin,OK_ROUNDTRIP,,96584,96584,
NPC_Klara_Aglaja.bin,OK_ROUNDTRIP,,69284,69284,
NPC_Klara_Alexandr.bin,BIN_MISMATCH,,78524,78537,0xfb1
NPC_Klara_Andrei.bin,OK_ROUNDTRIP,,38080,38080,
NPC_Klara_Anna.bin,OK_ROUNDTRIP,,48896,48896,
NPC_Klara_BigVlad.bin,OK_ROUNDTRIP,,17686,17686,
NPC_Klara_Block.bin,OK_ROUNDTRIP,,35398,35398,
NPC_Klara_Burah.bin,OK_ROUNDTRIP,,40962,40962,
NPC_Klara_Danko.bin,OK_ROUNDTRIP,,29004,29004,
NPC_Klara_Eva.bin,OK_ROUNDTRIP,,31915,31915,
NPC_Klara_Georg.bin,OK_ROUNDTRIP,,42325,42325,
NPC_Klara_Grif.bin,OK_ROUNDTRIP,,45299,45299,
NPC_Klara_Han.bin,OK_ROUNDTRIP,,17049,17049,
NPC_Klara_Julia.bin,OK_ROUNDTRIP,,28677,28677,
NPC_Klara_Kapella.bin,OK_ROUNDTRIP,,37796,37796,
NPC_Klara_Katerina.bin,OK_ROUNDTRIP,,71622,71622,
NPC_Klara_Lara.bin,OK_ROUNDTRIP,,39961,39961,
NPC_Klara_Laska.bin,OK_ROUNDTRIP,,34552,34552,
NPC_Klara_Maria.bin,OK_ROUNDTRIP,,50376,50376,
NPC_Klara_Mark.bin,OK_ROUNDTRIP,,12937,12937,
NPC_Klara_Mat.bin,OK_ROUNDTRIP,,19582,19582,
NPC_Klara_Mishka.bin,OK_ROUNDTRIP,,13019,13019,
NPC_Klara_MladVlad.bin,SCOMP_ERROR,"Error during compilation: ""Variable ""_null_obj"" not found (compiling: ""t2::init"")""",41543,0,
NPC_Klara_Notkin.bin,OK_ROUNDTRIP,,27127,27127,
NPC_Klara_Ospina.bin,OK_ROUNDTRIP,,31089,31089,
NPC_Klara_Petr.bin,OK_ROUNDTRIP,,25888,25888,
NPC_Klara_Rubin.bin,OK_ROUNDTRIP,,29242,29242,
NPC_Klara_Spi4ka.bin,OK_ROUNDTRIP,,16981,16981,
NPC_Klara_Starshina.bin,OK_ROUNDTRIP,,23678,23678,
NPC_Klara_Viktor.bin,OK_ROUNDTRIP,,23188,23188,
actor_disp.bin,OK_ROUNDTRIP,,848,848,
actor_item.bin,OK_ROUNDTRIP,,1773,1773,
actor_item_disp.bin,OK_ROUNDTRIP,,2068,2068,
actor_item_dummy.bin,OK_ROUNDTRIP,,158,158,
actor_item_stat.bin,OK_ROUNDTRIP,,1863,1863,
actor_item_steal.bin,OK_ROUNDTRIP,,1899,1899,
agony1.bin,BIN_MISMATCH,,5895,5895,0xad6
agony_simple.bin,OK_ROUNDTRIP,,662,662,
apparatus.bin,OK_ROUNDTRIP,,374,374,
arena_fighter.bin,LIFT_ERROR,JumpB target 0x122 not in current body,15369,0,
arena_manager.bin,LIFT_ERROR,unstructured Jump at 0x44f -> 0x456,17744,0,
arena_spectator.bin,OK_ROUNDTRIP,,332,332,
b4_boy.bin,LIFT_ERROR,unstructured Jump at 0x208 -> 0x21c,9862,0,
barrel_water.bin,OK_ROUNDTRIP,,1527,1527,
barricade.bin,OK_ROUNDTRIP,,1574,1574,
bed.bin,OK_ROUNDTRIP,,239,239,
big_gun.bin,OK_ROUNDTRIP,,431,431,
blood_dir.bin,OK_ROUNDTRIP,,955,955,
boiny_shaft_trigger.bin,OK_ROUNDTRIP,,621,621,
bomber.bin,SCOMP_ERROR,"Error during compilation: ""Variable ""_null_obj"" not found (compiling: ""t1::init"")""",21958,0,
bonfire.bin,OK_ROUNDTRIP,,1338,1338,
bonfire_disease.bin,OK_ROUNDTRIP,,1033,1033,
bonfire_geom.bin,OK_ROUNDTRIP,,1413,1413,
boy_mnogogrannik.bin,LIFT_ERROR,JumpB target 0x4a7 not in current body,30351,0,
bull.bin,OK_ROUNDTRIP,,1646,1646,
burah_father_door.bin,OK_ROUNDTRIP,,2162,2162,
citizen_alkash.bin,LIFT_ERROR,JumpB target 0xd6d not in current body,55447,0,
citizen_attack_melee.bin,LIFT_ERROR,JumpB target 0x394 not in current body,26866,0,
citizen_boy.bin,LIFT_ERROR,JumpB target 0xd6c not in current body,55212,0,
citizen_butcher.bin,LIFT_ERROR,JumpB target 0x4a7 not in current body,30444,0,
citizen_dog.bin,LIFT_ERROR,unstructured Jump at 0x81c -> 0x830,29309,0,
citizen_dohodyaga.bin,LIFT_ERROR,unstructured Jump at 0xd90 -> 0xda4,52634,0,
citizen_girl.bin,LIFT_ERROR,unstructured Jump at 0x4d4 -> 0x4e8,53463,0,
citizen_littleboy.bin,LIFT_ERROR,unstructured Jump at 0x4d4 -> 0x4e8,50565,0,
citizen_littlegirl.bin,LIFT_ERROR,unstructured Jump at 0x4d4 -> 0x4e8,33656,0,
citizen_morlok.bin,LIFT_ERROR,JumpB target 0x4a7 not in current body,30806,0,
citizen_nudegirl.bin,LIFT_ERROR,unstructured Jump at 0xba5 -> 0xbb9,46438,0,
citizen_unosha.bin,LIFT_ERROR,JumpB target 0xb9d not in current body,50936,0,
citizen_unosha_attacker.bin,LIFT_ERROR,JumpB target 0xa8a not in current body,48369,0,
citizen_vaxxabit.bin,LIFT_ERROR,unstructured Jump at 0x471 -> 0x485,27466,0,
citizen_vaxxabitka.bin,LIFT_ERROR,unstructured Jump at 0x471 -> 0x485,27715,0,
citizen_wasted_girl.bin,LIFT_ERROR,unstructured Jump at 0x71f -> 0x733,35053,0,
citizen_wasted_male.bin,LIFT_ERROR,JumpB target 0x5a8 not in current body,35138,0,
citizen_woman.bin,LIFT_ERROR,unstructured Jump at 0x7ae -> 0x7c2,39063,0,
citizen_woman_victim.bin,LIFT_ERROR,unstructured Jump at 0x548 -> 0x55c,26375,0,
citizen_worker.bin,LIFT_ERROR,JumpB target 0xcd5 not in current body,56822,0,
citizen_worker_attacker.bin,LIFT_ERROR,JumpB target 0xbc2 not in current body,54255,0,
citizen_zombie_man.bin,LIFT_ERROR,unstructured Jump at 0x49d -> 0x4b1,26666,0,
citizen_zombie_woman.bin,LIFT_ERROR,unstructured Jump at 0x49d -> 0x4b1,26666,0,
city.bin,BIN_MISMATCH,,2917,2853,0x12
container.bin,OK_ROUNDTRIP,,521,521,
container_disp.bin,OK_ROUNDTRIP,,892,892,
container_item.bin,OK_ROUNDTRIP,,1836,1836,
container_item_disp.bin,OK_ROUNDTRIP,,2280,2280,
container_kitchen_cabinet.bin,OK_ROUNDTRIP,,2716,2716,
container_kitchen_cabinet_h.bin,OK_ROUNDTRIP,,1521,1521,
container_rubbish.bin,OK_ROUNDTRIP,,1417,1417,
container_supply.bin,OK_ROUNDTRIP,,1473,1473,
container_tumba.bin,OK_ROUNDTRIP,,4099,4099,
container_tumba_h.bin,OK_ROUNDTRIP,,2259,2259,
container_wardrobe.bin,OK_ROUNDTRIP,,2652,2652,
container_wardrobe_h.bin,OK_ROUNDTRIP,,1941,1941,
corpse.bin,OK_ROUNDTRIP,,2484,2484,
corpse_diseased.bin,OK_ROUNDTRIP,,1761,1761,
corpse_diseased_alive.bin,OK_ROUNDTRIP,,1771,1771,
corpse_fire.bin,OK_ROUNDTRIP,,1374,1374,
cs_burah_danko_microscope.bin,OK_ROUNDTRIP,,2063,2063,
cs_play_all.bin,OK_ROUNDTRIP,,323,323,
cs_play_all_lsh.bin,OK_ROUNDTRIP,,356,356,
cs_play_all_lsh_trigger.bin,OK_ROUNDTRIP,,229,229,
cs_play_all_trigger.bin,OK_ROUNDTRIP,,196,196,
cs_play_animation_with_cycled_lsh.bin,OK_ROUNDTRIP,,412,412,
cs_play_cycle.bin,OK_ROUNDTRIP,,181,181,
cutscene_d1_01.bin,SCOMP_ERROR,"Error during compilation: ""Variable ""_null_obj"" not found (compiling: ""t1::init"")""",4912,0,
cutscene_d1_01_alkash.bin,LIFT_ERROR,JumpB target 0x401 not in current body,28216,0,
cutscene_d1_01_woman.bin,LIFT_ERROR,unstructured Jump at 0x4a2 -> 0x4b6,22086,0,
cutscene_d1_01_worker.bin,LIFT_ERROR,JumpB target 0x401 not in current body,28216,0,
d2q01_house1.bin,BIN_MISMATCH,,1132,1065,0x6
dapparatus.bin,OK_ROUNDTRIP,,376,376,
disease_object.bin,OK_ROUNDTRIP,,954,954,
disp_idler.bin,OK_ROUNDTRIP,,1854,1854,
door_locked.bin,OK_ROUNDTRIP,,264,264,
dummy_dead.bin,OK_ROUNDTRIP,,382,382,
final_door.bin,OK_ROUNDTRIP,,1211,1211,
final_quest_actor.bin,OK_ROUNDTRIP,,788,788,
fire.bin,OK_ROUNDTRIP,,679,679,
fire_klara_attack.bin,OK_ROUNDTRIP,,2184,2184,
fireplace.bin,OK_ROUNDTRIP,,1332,1332,
fog.bin,LIFT_ERROR,JumpB target 0x150 not in current body,7403,0,
fog_hunter.bin,LIFT_ERROR,JumpB target 0x201 not in current body,9655,0,
fog_stat.bin,SCOMP_ERROR,"Error during compilation: ""Variable ""_null_obj"" not found (compiling: ""t1::init"")""",2808,0,
fog_stat_indoor.bin,SCOMP_ERROR,"Error during compilation: ""Variable ""_null_obj"" not found (compiling: ""t1::init"")""",3046,0,
follower.bin,LIFT_ERROR,JumpB target 0x84 not in current body,3514,0,
fontan_water.bin,OK_ROUNDTRIP,,1389,1389,
gatherer1.bin,OK_ROUNDTRIP,,18029,18029,
gatherer2.bin,OK_ROUNDTRIP,,14400,14400,
gatherer3.bin,OK_ROUNDTRIP,,14241,14241,
girl_mnogogrannik.bin,LIFT_ERROR,unstructured Jump at 0x4ac -> 0x4c0,22556,0,
grabitel.bin,LIFT_ERROR,JumpB target 0x14a not in current body,30558,0,
grabitel_knife.bin,BIN_MISMATCH,,3724,3714,0x252
grenade.bin,BIN_MISMATCH,,4501,4491,0x315
guard.bin,LIFT_ERROR,JumpB target 0x265 not in current body,23388,0,
gun_sentry.bin,SCOMP_ERROR,"Error during compilation: ""Variable ""_null_obj"" not found (compiling: ""t0::init"")""",21325,0,
horror_fog.bin,LIFT_ERROR,JumpB target 0xb5 not in current body,5330,0,
hunter.bin,LIFT_ERROR,JumpB target 0x144 not in current body,23078,0,
hunter_berserk.bin,LIFT_ERROR,JumpB target 0x144 not in current body,19562,0,
icitizen_boy.bin,LIFT_ERROR,JumpB target 0xd6c not in current body,55383,0,
icitizen_girl.bin,LIFT_ERROR,unstructured Jump at 0x4d4 -> 0x4e8,53529,0,
icitizen_littleboy.bin,LIFT_ERROR,unstructured Jump at 0x4d4 -> 0x4e8,50460,0,
icitizen_littlegirl.bin,LIFT_ERROR,unstructured Jump at 0x4d4 -> 0x4e8,33551,0,
icitizen_unosha.bin,LIFT_ERROR,JumpB target 0x35f not in current body,27868,0,
icitizen_wasted_girl.bin,LIFT_ERROR,unstructured Jump at 0x400 -> 0x414,25275,0,
icitizen_wasted_male.bin,LIFT_ERROR,JumpB target 0x35f not in current body,27868,0,
icitizen_woman.bin,LIFT_ERROR,unstructured Jump at 0x666 -> 0x67a,36346,0,
icitizen_worker.bin,LIFT_ERROR,JumpB target 0xb8d not in current body,53884,0,
indoor_butcher.bin,LIFT_ERROR,JumpB target 0x223 not in current body,23794,0,
indoor_door.bin,OK_ROUNDTRIP,,1756,1756,
indoor_littlegirl.bin,LIFT_ERROR,unstructured Jump at 0x482 -> 0x496,21731,0,
indoor_morlok.bin,LIFT_ERROR,JumpB target 0x223 not in current body,24124,0,
intro_exit.bin,OK_ROUNDTRIP,,190,190,
intro_light.bin,OK_ROUNDTRIP,,417,417,
item_alpha_pills.bin,OK_ROUNDTRIP,,1421,1421,
item_balahon.bin,BIN_MISMATCH,,3847,3824,0x1a2
item_bandage.bin,OK_ROUNDTRIP,,625,625,
item_beta_pills.bin,OK_ROUNDTRIP,,1421,1421,
item_black_vaccine.bin,OK_ROUNDTRIP,,932,932,
item_blue_vaccine.bin,OK_ROUNDTRIP,,932,932,
item_boot_army.bin,BIN_MISMATCH,,3847,3824,0x1a2
item_boot_repel.bin,BIN_MISMATCH,,3847,3824,0x1a2
item_bottle_water.bin,OK_ROUNDTRIP,,1908,1908,
item_bread.bin,OK_ROUNDTRIP,,670,670,
item_burah_serum.bin,OK_ROUNDTRIP,,338,338,
item_cloak_repel.bin,BIN_MISMATCH,,3847,3824,0x1a2
item_coffee.bin,OK_ROUNDTRIP,,1470,1470,
item_delta_pills.bin,OK_ROUNDTRIP,,1421,1421,
item_drapery.bin,BIN_MISMATCH,,3847,3824,0x1a2
item_dried_fish.bin,OK_ROUNDTRIP,,670,670,
item_dried_meat.bin,OK_ROUNDTRIP,,670,670,
item_egg.bin,OK_ROUNDTRIP,,670,670,
item_etorfin.bin,OK_ROUNDTRIP,,1501,1501,
item_feromicin.bin,OK_ROUNDTRIP,,1065,1065,
item_fresh_fish.bin,OK_ROUNDTRIP,,670,670,
item_fresh_meat.bin,OK_ROUNDTRIP,,670,670,
item_funduk.bin,OK_ROUNDTRIP,,670,670,
item_gamma_pills.bin,OK_ROUNDTRIP,,1421,1421,
item_glove.bin,BIN_MISMATCH,,3847,3824,0x1a2
item_glove_army.bin,BIN_MISMATCH,,3847,3824,0x1a2
item_glove_disp.bin,BIN_MISMATCH,,3847,3824,0x1a2
item_grass_combination.bin,OK_ROUNDTRIP,,1395,1395,
item_halfboot_repel.bin,BIN_MISMATCH,,3847,3824,0x1a2
item_lemon.bin,OK_ROUNDTRIP,,1466,1466,
item_lens.bin,OK_ROUNDTRIP,,415,415,
item_mask.bin,BIN_MISMATCH,,3847,3824,0x1a2
item_meradorm.bin,OK_ROUNDTRIP,,1501,1501,
item_milk.bin,OK_ROUNDTRIP,,674,674,
item_monomicin.bin,OK_ROUNDTRIP,,1065,1065,
item_morfin.bin,OK_ROUNDTRIP,,1501,1501,
item_neomicin.bin,OK_ROUNDTRIP,,1065,1065,
item_novocaine.bin,OK_ROUNDTRIP,,1501,1501,
item_organ_combination.bin,OK_ROUNDTRIP,,1411,1411,
item_packet.bin,OK_ROUNDTRIP,,625,625,
item_peanut.bin,OK_ROUNDTRIP,,670,670,
item_powder.bin,OK_ROUNDTRIP,,576,576,
item_raincoat_repel.bin,BIN_MISMATCH,,3847,3824,0x1a2
item_rusk.bin,OK_ROUNDTRIP,,670,670,
item_smoked_meat.bin,OK_ROUNDTRIP,,670,670,
item_tourniquet.bin,OK_ROUNDTRIP,,625,625,
item_tvirin.bin,OK_ROUNDTRIP,,1627,1627,
item_vegetables.bin,OK_ROUNDTRIP,,670,670,
item_walnut.bin,OK_ROUNDTRIP,,670,670,
item_white_vaccine.bin,OK_ROUNDTRIP,,932,932,
k2system_albinos.bin,OK_ROUNDTRIP,,12523,12523,
k2system_burah.bin,OK_ROUNDTRIP,,16895,16895,
k2system_danko.bin,OK_ROUNDTRIP,,16685,16685,
k2system_hunter.bin,LIFT_ERROR,JumpB target 0x132 not in current body,18149,0,
k2system_klara2.bin,OK_ROUNDTRIP,,16808,16808,
k2system_rat.bin,LIFT_ERROR,JumpB target 0x206 not in current body,13299,0,
k2system_rat_big.bin,LIFT_ERROR,JumpB target 0x206 not in current body,14411,0,
k2system_retreater.bin,LIFT_ERROR,unstructured Jump at 0x115 -> 0x129,20803,0,
k2system_waiter.bin,OK_ROUNDTRIP,,2128,2128,
kabak_smoke.bin,OK_ROUNDTRIP,,829,829,
klara2_npc_positioner.bin,OK_ROUNDTRIP,,5714,5714,
klara2_positioner.bin,OK_ROUNDTRIP,,5304,5304,
klara2_svita_positioner.bin,OK_ROUNDTRIP,,5016,5016,
kolonka_water.bin,OK_ROUNDTRIP,,1724,1724,
light_broken.bin,OK_ROUNDTRIP,,248,248,
light_fire.bin,OK_ROUNDTRIP,,535,535,
littleboy_mnogogrannik.bin,LIFT_ERROR,unstructured Jump at 0x4ac -> 0x4c0,22355,0,
littlegirl_mnogogrannik.bin,LIFT_ERROR,unstructured Jump at 0x4ac -> 0x4c0,22355,0,
microscope.bin,OK_ROUNDTRIP,,288,288,
mtrigger_actor.bin,OK_ROUNDTRIP,,389,389,
mtrigger_scene.bin,OK_ROUNDTRIP,,334,334,
music.bin,BIN_MISMATCH,,3716,3676,0x4
nudegirl_dance.bin,BIN_MISMATCH,,1480,1493,0x115
outdoor_door.bin,OK_ROUNDTRIP,,1486,1486,
outdoor_door_npc.bin,OK_ROUNDTRIP,,2043,2043,
outdoor_door_theater.bin,OK_ROUNDTRIP,,2211,2211,
pather.bin,LIFT_ERROR,JumpB target 0x71 not in current body,3293,0,
patrol_stationary.bin,LIFT_ERROR,JumpB target 0x3cf not in current body,35750,0,
patrol_wanderer.bin,LIFT_ERROR,JumpB target 0x2f9 not in current body,31465,0,
patrol_wanderer_soldier.bin,LIFT_ERROR,JumpB target 0x1ed not in current body,26697,0,
play_death_burah.bin,LIFT_ERROR,subblock unbalanced stack: depth 9 -> 10,814,0,
play_death_danko.bin,LIFT_ERROR,subblock unbalanced stack: depth 9 -> 10,814,0,
play_death_klara.bin,LIFT_ERROR,subblock unbalanced stack: depth 9 -> 10,814,0,
player_burah.bin,LIFT_ERROR,JumpB target 0xa89 not in current body,36292,0,
player_danko.bin,LIFT_ERROR,JumpB target 0xa89 not in current body,36292,0,
player_disease.bin,LIFT_ERROR,subblock unbalanced stack: depth 20 -> 21,4334,0,
player_eyes_height.bin,OK_ROUNDTRIP,,749,749,
player_final.bin,OK_ROUNDTRIP,,2421,2421,
player_flashlight.bin,OK_ROUNDTRIP,,1219,1219,
player_gifts.bin,OK_ROUNDTRIP,,4911,4911,
player_head.bin,OK_ROUNDTRIP,,544,544,
player_hit.bin,OK_ROUNDTRIP,,4280,4280,
player_intro.bin,OK_ROUNDTRIP,,2421,2421,
player_klara.bin,LIFT_ERROR,JumpB target 0x32c not in current body,23370,0,
player_klara_dream.bin,OK_ROUNDTRIP,,862,862,
player_reputation_decrease.bin,OK_ROUNDTRIP,,1196,1196,
player_stat.bin,OK_ROUNDTRIP,,1880,1880,
player_vis.bin,OK_ROUNDTRIP,,639,639,
player_visir.bin,BIN_MISMATCH,,1432,1455,0xc5
quest_b10_01.bin,OK_ROUNDTRIP,,4814,4814,
quest_b10_01_butcher.bin,LIFT_ERROR,JumpB target 0x20a not in current body,21856,0,
quest_b10_01_cutscene.bin,OK_ROUNDTRIP,,2133,2133,
quest_b10_01_effect.bin,OK_ROUNDTRIP,,1107,1107,
quest_b10_01_stone.bin,OK_ROUNDTRIP,,670,670,
quest_b10_02.bin,OK_ROUNDTRIP,,1645,1645,
quest_b10_02_bomb.bin,OK_ROUNDTRIP,,1066,1066,
quest_b10_02_trigger.bin,OK_ROUNDTRIP,,3322,3322,
quest_b10_03.bin,OK_ROUNDTRIP,,2854,2854,
quest_b10_03_blood.bin,OK_ROUNDTRIP,,1660,1660,
quest_b10_03_toy.bin,OK_ROUNDTRIP,,2588,2588,
quest_b10_04.bin,OK_ROUNDTRIP,,4933,4933,
quest_b10_04_bigvlad.bin,OK_ROUNDTRIP,,10084,10084,
quest_b10_04_bull.bin,OK_ROUNDTRIP,,1017,1017,
quest_b10_04_girl_laska.bin,OK_ROUNDTRIP,,8720,8720,
quest_b10_04_klara.bin,OK_ROUNDTRIP,,4268,4268,
quest_b10_04_laska.bin,OK_ROUNDTRIP,,11218,11218,
quest_b10_04_mladvlad.bin,OK_ROUNDTRIP,,10595,10595,
quest_b10_04_morlok.bin,OK_ROUNDTRIP,,13877,13877,
quest_b10_04_morlok_laska.bin,OK_ROUNDTRIP,,13066,13066,
quest_b10_04_morlok_mishka.bin,OK_ROUNDTRIP,,12861,12861,
quest_b10_04_morlok_spi4ka.bin,OK_ROUNDTRIP,,12861,12861,
quest_b10_04_officer.bin,OK_ROUNDTRIP,,7939,7939,
quest_b11_01.bin,OK_ROUNDTRIP,,4540,4540,
quest_b11_01_anna.bin,OK_ROUNDTRIP,,11773,11773,
quest_b11_01_birdmask.bin,OK_ROUNDTRIP,,6500,6500,
quest_b11_01_death_effect.bin,OK_ROUNDTRIP,,753,753,
quest_b11_01_julia.bin,OK_ROUNDTRIP,,11593,11593,
quest_b11_01_klara.bin,OK_ROUNDTRIP,,13112,13112,
quest_b11_01_klara_laska.bin,OK_ROUNDTRIP,,15473,15473,
quest_b11_01_lara.bin,OK_ROUNDTRIP,,12111,12111,
quest_b11_01_starshina.bin,LIFT_ERROR,JumpB target 0x124 not in current body,19424,0,
quest_b11_01_well_trigger.bin,OK_ROUNDTRIP,,573,573,
quest_b11_02.bin,OK_ROUNDTRIP,,2881,2881,
quest_b11_02_doberman.bin,OK_ROUNDTRIP,,8399,8399,
quest_b11_04.bin,OK_ROUNDTRIP,,3550,3550,
quest_b11_04_corpse.bin,OK_ROUNDTRIP,,664,664,
quest_b11_04_officer.bin,OK_ROUNDTRIP,,9165,9165,
quest_b11_04_sanitar.bin,LIFT_ERROR,subblock unbalanced stack: depth 16 -> 17,3657,0,
quest_b11_04_sanitar_main.bin,OK_ROUNDTRIP,,10189,10189,
quest_b12_01.bin,OK_ROUNDTRIP,,15459,15459,
quest_b12_01_aglaja.bin,OK_ROUNDTRIP,,17256,17256,
quest_b12_01_birdmask_s.bin,OK_ROUNDTRIP,,12955,12955,
quest_b12_01_birdmask_t.bin,OK_ROUNDTRIP,,11719,11719,
quest_b12_01_block.bin,OK_ROUNDTRIP,,11935,11935,
quest_b12_01_danko.bin,OK_ROUNDTRIP,,10181,10181,
quest_b12_01_hidden_room_cutscene.bin,OK_ROUNDTRIP,,1821,1821,
quest_b12_01_kapella.bin,OK_ROUNDTRIP,,9246,9246,
quest_b12_01_klara.bin,OK_ROUNDTRIP,,9069,9069,
quest_b12_01_klara_t2.bin,OK_ROUNDTRIP,,18854,18854,
quest_b12_01_littleboy.bin,OK_ROUNDTRIP,,13233,13233,
quest_b12_01_littlegirl.bin,OK_ROUNDTRIP,,10582,10582,
quest_b12_01_sobor_cutscene.bin,BIN_MISMATCH,,3135,3147,0x417
quest_b12_01_tbirdmask.bin,OK_ROUNDTRIP,,9948,9948,
quest_b12_01_theater_cutscene.bin,OK_ROUNDTRIP,,1809,1809,
quest_b12_01_twhitemask.bin,OK_ROUNDTRIP,,8936,8936,
quest_b1_01.bin,OK_ROUNDTRIP,,2469,2469,
quest_b1_01_birdmask1.bin,OK_ROUNDTRIP,,11299,11299,
quest_b1_01_birdmask2.bin,OK_ROUNDTRIP,,8165,8165,
quest_b1_01_corpse.bin,OK_ROUNDTRIP,,1465,1465,
quest_b1_01_trigger.bin,OK_ROUNDTRIP,,4510,4510,
quest_b1_01_whitemask.bin,OK_ROUNDTRIP,,8806,8806,
quest_b1_02.bin,OK_ROUNDTRIP,,1945,1945,
quest_b1_02_agony.bin,BIN_MISMATCH,,4453,4453,0x874
quest_b1_02_cutscene.bin,OK_ROUNDTRIP,,2149,2149,
quest_b1_02_worker.bin,OK_ROUNDTRIP,,9678,9678,
quest_b1_03.bin,OK_ROUNDTRIP,,1754,1754,
quest_b1_03_doberman.bin,LIFT_ERROR,unstructured Jump at 0x278 -> 0x28c,26250,0,
quest_b1_04.bin,OK_ROUNDTRIP,,1861,1861,
quest_b1_04_grabitel.bin,LIFT_ERROR,JumpB target 0x29a not in current body,22634,0,
quest_b1_04_worker.bin,LIFT_ERROR,JumpB target 0x1bc not in current body,18895,0,
quest_b1_05.bin,OK_ROUNDTRIP,,3389,3389,
quest_b1_05_patrol.bin,LIFT_ERROR,JumpB target 0x2e7 not in current body,25877,0,
quest_b1_05_patrol_group.bin,LIFT_ERROR,JumpB target 0x266 not in current body,22903,0,
quest_b1_05_rat.bin,LIFT_ERROR,JumpB target 0x206 not in current body,13586,0,
quest_b1_05_spi4ka.bin,OK_ROUNDTRIP,,14172,14172,
quest_b1_05_woman.bin,OK_ROUNDTRIP,,421,421,
quest_b2_01.bin,OK_ROUNDTRIP,,2478,2478,
quest_b2_01_MladVlad.bin,OK_ROUNDTRIP,,12399,12399,
quest_b2_01_box.bin,OK_ROUNDTRIP,,2459,2459,
quest_b2_02.bin,OK_ROUNDTRIP,,1987,1987,
quest_b2_02_bride.bin,OK_ROUNDTRIP,,11385,11385,
quest_b2_02_bride2.bin,OK_ROUNDTRIP,,2138,2138,
quest_b2_02_gatherer.bin,OK_ROUNDTRIP,,12074,12074,
quest_b2_03.bin,LIFT_ERROR,task-var index 0 >= task-var count 0,2993,0,
quest_b2_03_maria.bin,OK_ROUNDTRIP,,15370,15370,
quest_b2_03_petr.bin,OK_ROUNDTRIP,,11168,11168,
quest_b3_01.bin,OK_ROUNDTRIP,,1336,1336,
quest_b3_01_butcher.bin,OK_ROUNDTRIP,,12343,12343,
quest_b3_02.bin,OK_ROUNDTRIP,,4444,4444,
quest_b3_02_grabitel1.bin,LIFT_ERROR,JumpB target 0x14a not in current body,29624,0,
quest_b3_02_grabitel2.bin,LIFT_ERROR,JumpB target 0x14a not in current body,23438,0,
quest_b3_04.bin,OK_ROUNDTRIP,,1798,1798,
quest_b3_04_gpatrol.bin,LIFT_ERROR,JumpB target 0x119 not in current body,17758,0,
quest_b4_01.bin,OK_ROUNDTRIP,,6154,6154,
quest_b4_01_agony.bin,BIN_MISMATCH,,4240,4240,0x807
quest_b4_01_fcorpse.bin,OK_ROUNDTRIP,,1219,1219,
quest_b4_01_fpatrol.bin,LIFT_ERROR,JumpB target 0x6a not in current body,19029,0,
quest_b4_01_patrol.bin,LIFT_ERROR,JumpB target 0xab not in current body,15798,0,
quest_b4_01_rubin.bin,OK_ROUNDTRIP,,13018,13018,
quest_b4_01_teleport.bin,LIFT_ERROR,JumpB target 0x35 not in current body,3498,0,
quest_b4_02.bin,OK_ROUNDTRIP,,3922,3922,
quest_b4_02_boy.bin,LIFT_ERROR,JumpB target 0x327 not in current body,25157,0,
quest_b4_02_grabitel.bin,LIFT_ERROR,JumpB target 0x16f not in current body,23459,0,
quest_b5_01.bin,OK_ROUNDTRIP,,5463,5463,
quest_b5_01_butcher.bin,LIFT_ERROR,JumpB target 0x3be not in current body,25951,0,
quest_b5_01_gwife.bin,LIFT_ERROR,unstructured Jump at 0x2a2 -> 0x2b6,14754,0,
quest_b5_01_vera1.bin,OK_ROUNDTRIP,,13967,13967,
quest_b5_01_vera2.bin,LIFT_ERROR,unstructured Jump at 0x2cc -> 0x2e0,16353,0,
quest_b5_02.bin,OK_ROUNDTRIP,,2199,2199,
quest_b5_02_prorok.bin,OK_ROUNDTRIP,,9798,9798,
quest_b6_01.bin,OK_ROUNDTRIP,,5805,5805,
quest_b6_01_bull.bin,BIN_MISMATCH,,2418,2418,0x33b
quest_b6_01_butcher.bin,OK_ROUNDTRIP,,3039,3039,
quest_b6_01_cutscene.bin,OK_ROUNDTRIP,,2313,2313,
quest_b6_01_klara.bin,OK_ROUNDTRIP,,16579,16579,
quest_b6_01_mat.bin,BIN_MISMATCH,,20267,20260,0x937
quest_b6_01_morlok.bin,BIN_MISMATCH,,11808,11845,0x610
quest_b6_01_morlok1.bin,BIN_MISMATCH,,11925,11962,0x604
quest_b6_02.bin,OK_ROUNDTRIP,,3378,3378,
quest_b6_02_klara.bin,OK_ROUNDTRIP,,16117,16117,
quest_b6_02_prorok.bin,OK_ROUNDTRIP,,8270,8270,
quest_b6_03.bin,BIN_MISMATCH,,4332,4333,0x832
quest_b6_03_bomber.bin,SCOMP_ERROR,"Error during compilation: ""Variable ""_null_obj"" not found (compiling: ""t1::init"")""",22040,0,
quest_b6_03_diary.bin,OK_ROUNDTRIP,,2328,2328,
quest_b7_01.bin,OK_ROUNDTRIP,,5272,5272,
quest_b7_01_gorbun_mwastedmale.bin,OK_ROUNDTRIP,,10201,10201,
quest_b7_01_gorbun_wastedmale.bin,OK_ROUNDTRIP,,5682,5682,
quest_b7_01_prison_patrol1.bin,OK_ROUNDTRIP,,9226,9226,
quest_b7_01_prison_patrol2.bin,OK_ROUNDTRIP,,5851,5851,
quest_b7_01_prisoner.bin,OK_ROUNDTRIP,,795,795,
quest_b7_01_sobor_birdmask.bin,OK_ROUNDTRIP,,5839,5839,
quest_b7_01_sobor_mbirdmask.bin,OK_ROUNDTRIP,,9187,9187,
quest_b7_01_sobor_patrol.bin,OK_ROUNDTRIP,,6073,6073,
quest_b7_02.bin,OK_ROUNDTRIP,,3195,3195,
quest_b7_02_grabitel.bin,LIFT_ERROR,JumpB target 0x14a not in current body,22069,0,
quest_b7_02_mmorlok.bin,OK_ROUNDTRIP,,8442,8442,
quest_b7_02_morlok.bin,OK_ROUNDTRIP,,8442,8442,
quest_b7_03.bin,OK_ROUNDTRIP,,1631,1631,
quest_b7_03_birdmask.bin,OK_ROUNDTRIP,,9251,9251,
quest_b8_01.bin,OK_ROUNDTRIP,,2425,2425,
quest_b8_01_klara.bin,OK_ROUNDTRIP,,13196,13196,
quest_b8_02.bin,OK_ROUNDTRIP,,3488,3488,
quest_b8_02_book.bin,OK_ROUNDTRIP,,2326,2326,
quest_b8_02_grabitel.bin,LIFT_ERROR,JumpB target 0x14a not in current body,31289,0,
quest_b9_01.bin,OK_ROUNDTRIP,,4399,4399,
quest_b9_01_danko.bin,OK_ROUNDTRIP,,13654,13654,
quest_b9_01_doberman.bin,OK_ROUNDTRIP,,9487,9487,
quest_b9_01_doberman1.bin,LIFT_ERROR,JumpB target 0x31e not in current body,27460,0,
quest_b9_01_doberman2.bin,LIFT_ERROR,JumpB target 0x186 not in current body,21708,0,
quest_b9_01_effect.bin,OK_ROUNDTRIP,,1100,1100,
quest_b9_03.bin,OK_ROUNDTRIP,,8079,8079,
quest_b9_03_aglaja.bin,OK_ROUNDTRIP,,9319,9319,
quest_b9_03_doberman.bin,LIFT_ERROR,JumpB target 0x2ef not in current body,27128,0,
quest_b9_03_enemy.bin,LIFT_ERROR,JumpB target 0x28b not in current body,35782,0,
quest_b9_03_enemy_knife.bin,LIFT_ERROR,JumpB target 0x28b not in current body,35782,0,
quest_b9_03_follower.bin,LIFT_ERROR,unstructured Jump at 0x3eb -> 0x3ed,38382,0,
quest_b9_03_girl.bin,OK_ROUNDTRIP,,8918,8918,
quest_b9_03_spi4ka.bin,OK_ROUNDTRIP,,11074,11074,
quest_d10_01.bin,OK_ROUNDTRIP,,3628,3628,
quest_d10_01_blueprint.bin,OK_ROUNDTRIP,,2334,2334,
quest_d10_01_fire.bin,OK_ROUNDTRIP,,1618,1618,
quest_d10_01_msoldier.bin,SCOMP_ERROR,"Error during compilation: ""Variable ""_null_obj"" not found (compiling: ""t3::init"")""",28137,0,
quest_d10_01_petr.bin,OK_ROUNDTRIP,,17896,17896,
quest_d10_01_soldier.bin,SCOMP_ERROR,"Error during compilation: ""Variable ""_null_obj"" not found (compiling: ""t1::init"")""",20367,0,
quest_d10_02.bin,OK_ROUNDTRIP,,1526,1526,
quest_d10_03.bin,OK_ROUNDTRIP,,4643,4643,
quest_d10_03_alkash.bin,OK_ROUNDTRIP,,7716,7716,
quest_d10_03_dohodyaga.bin,OK_ROUNDTRIP,,7716,7716,
quest_d10_03_morlok.bin,OK_ROUNDTRIP,,6720,6720,
quest_d10_03_salesman.bin,OK_ROUNDTRIP,,8744,8744,
quest_d10_03_unosha.bin,OK_ROUNDTRIP,,7716,7716,
quest_d10_03_worker.bin,OK_ROUNDTRIP,,7716,7716,
quest_d11_01.bin,BIN_MISMATCH,,7226,7286,0x620
quest_d11_01_dog.bin,LIFT_ERROR,JumpB target 0xab not in current body,15798,0,
quest_d11_01_girl.bin,OK_ROUNDTRIP,,9643,9643,
quest_d11_01_guard.bin,SCOMP_ERROR,"Error during compilation: ""Variable ""_null_obj"" not found (compiling: ""t5::init"")""",20128,0,
quest_d11_01_msoldier.bin,LIFT_ERROR,JumpB target 0x301 not in current body,25737,0,
quest_d11_01_soldier.bin,SCOMP_ERROR,"Error during compilation: ""Variable ""_null_obj"" not found (compiling: ""t7::init"")""",22220,0,
quest_d11_01_teleport.bin,LIFT_ERROR,subblock unbalanced stack: depth 9 -> 10,2117,0,
quest_d11_02.bin,LIFT_ERROR,JumpB target 0xc1 not in current body,4754,0,
quest_d11_02_littleboy.bin,OK_ROUNDTRIP,,10002,10002,
quest_d11_02_littlegirl.bin,OK_ROUNDTRIP,,10583,10583,
quest_d11_02_soldier.bin,SCOMP_ERROR,"Error during compilation: ""Variable ""_null_obj"" not found (compiling: ""t0::init"")""",23945,0,
quest_d11_02_victim1.bin,OK_ROUNDTRIP,,5128,5128,
quest_d11_02_victim2.bin,OK_ROUNDTRIP,,5128,5128,
quest_d11_02_victim3.bin,OK_ROUNDTRIP,,5466,5466,
quest_d11_02_victim4.bin,OK_ROUNDTRIP,,5350,5350,
quest_d11_03.bin,OK_ROUNDTRIP,,984,984,
quest_d11_03_burah.bin,OK_ROUNDTRIP,,13504,13504,
quest_d11_04.bin,OK_ROUNDTRIP,,984,984,
quest_d11_04_klara.bin,OK_ROUNDTRIP,,17468,17468,
quest_d11_05.bin,OK_ROUNDTRIP,,4623,4623,
quest_d11_05_citizen.bin,LIFT_ERROR,JumpB target 0x1b5 not in current body,18277,0,
quest_d11_05_doberman.bin,OK_ROUNDTRIP,,6281,6281,
quest_d11_05_grabitel.bin,LIFT_ERROR,JumpB target 0x293 not in current body,22016,0,
quest_d11_05_mladvlad.bin,OK_ROUNDTRIP,,4268,4268,
quest_d11_06.bin,OK_ROUNDTRIP,,3095,3095,
quest_d11_06_maria.bin,OK_ROUNDTRIP,,4268,4268,
quest_d11_06_wastedgirl.bin,OK_ROUNDTRIP,,2339,2339,
quest_d11_06_wastedmale.bin,OK_ROUNDTRIP,,2339,2339,
quest_d11_klara.bin,OK_ROUNDTRIP,,17499,17499,
quest_d12_01.bin,OK_ROUNDTRIP,,15660,15660,
quest_d12_01_aglaja.bin,OK_ROUNDTRIP,,8492,8492,
quest_d12_01_birdmask.bin,OK_ROUNDTRIP,,8318,8318,
quest_d12_01_birdmask_s.bin,OK_ROUNDTRIP,,13652,13652,
quest_d12_01_birdmask_t.bin,OK_ROUNDTRIP,,11717,11717,
quest_d12_01_block.bin,OK_ROUNDTRIP,,11544,11544,
quest_d12_01_burah.bin,OK_ROUNDTRIP,,9571,9571,
quest_d12_01_burah_factory.bin,OK_ROUNDTRIP,,13895,13895,
quest_d12_01_hidden_room_cutscene.bin,OK_ROUNDTRIP,,1821,1821,
quest_d12_01_klara.bin,OK_ROUNDTRIP,,9571,9571,
quest_d12_01_klara_t2.bin,OK_ROUNDTRIP,,18139,18139,
quest_d12_01_littleboy.bin,OK_ROUNDTRIP,,12509,12509,
quest_d12_01_littlegirl.bin,OK_ROUNDTRIP,,10081,10081,
quest_d12_01_maria.bin,OK_ROUNDTRIP,,7921,7921,
quest_d12_01_sobor_cutscene.bin,BIN_MISMATCH,,3123,3135,0x40b
quest_d12_01_tbirdmask.bin,OK_ROUNDTRIP,,9435,9435,
quest_d12_01_theater_cutscene.bin,OK_ROUNDTRIP,,1809,1809,
quest_d12_01_twhitemask.bin,OK_ROUNDTRIP,,10331,10331,
quest_d1_01.bin,OK_ROUNDTRIP,,4487,4487,
quest_d1_01_birdmask.bin,OK_ROUNDTRIP,,6753,6753,
quest_d1_01_corpse.bin,OK_ROUNDTRIP,,901,901,
quest_d1_01_morlok.bin,LIFT_ERROR,JumpB target 0x206 not in current body,21478,0,
quest_d1_01_morlok_run.bin,LIFT_ERROR,JumpB target 0x1d4 not in current body,19801,0,
quest_d1_01_patrol.bin,OK_ROUNDTRIP,,10359,10359,
quest_d1_01_rubin.bin,OK_ROUNDTRIP,,13840,13840,
quest_d1_01_trigger.bin,OK_ROUNDTRIP,,3203,3203,
quest_d1_01_whitemask.bin,OK_ROUNDTRIP,,6299,6299,
quest_d1_01_worker.bin,LIFT_ERROR,JumpB target 0x24b not in current body,22100,0,
quest_d1_02.bin,OK_ROUNDTRIP,,2206,2206,
quest_d1_02_gorbun.bin,OK_ROUNDTRIP,,12665,12665,
quest_d1_02_salesman.bin,OK_ROUNDTRIP,,8731,8731,
quest_d1_03.bin,OK_ROUNDTRIP,,3248,3248,
quest_d1_03_butcher.bin,LIFT_ERROR,JumpB target 0x19a not in current body,20081,0,
quest_d1_04.bin,OK_ROUNDTRIP,,1746,1746,
quest_d1_04_doberman1.bin,LIFT_ERROR,JumpB target 0x683 not in current body,35706,0,
quest_d1_04_doberman2.bin,LIFT_ERROR,JumpB target 0x67e not in current body,35653,0,
quest_d1_04_powder.bin,OK_ROUNDTRIP,,2834,2834,
quest_d1_04_scene.bin,LIFT_ERROR,JumpB target 0x1d0 not in current body,6451,0,
quest_d2_01.bin,OK_ROUNDTRIP,,2133,2133,
quest_d2_01_woman.bin,OK_ROUNDTRIP,,8770,8770,
quest_d2_01_zombie_woman.bin,LIFT_ERROR,JumpB target 0x3ed not in current body,17555,0,
quest_d2_02.bin,BIN_MISMATCH,,4599,4563,0x43a
quest_d2_02_driver.bin,OK_ROUNDTRIP,,2373,2373,
quest_d2_02_mpatrol.bin,LIFT_ERROR,JumpB target 0x168 not in current body,22694,0,
quest_d2_02_patrol1.bin,LIFT_ERROR,JumpB target 0x15f not in current body,23968,0,
quest_d2_02_patrol2.bin,LIFT_ERROR,JumpB target 0x15f not in current body,23968,0,
quest_d2_03.bin,OK_ROUNDTRIP,,2428,2428,
quest_d2_03_birdmask.bin,OK_ROUNDTRIP,,8439,8439,
quest_d3_01.bin,OK_ROUNDTRIP,,4625,4625,
quest_d3_01_cpatrol.bin,LIFT_ERROR,JumpB target 0x194 not in current body,23390,0,
quest_d3_01_gfire.bin,OK_ROUNDTRIP,,2226,2226,
quest_d3_01_gpatrol.bin,LIFT_ERROR,JumpB target 0x291 not in current body,24709,0,
quest_d3_01_patrol.bin,LIFT_ERROR,JumpB target 0x1e0 not in current body,23215,0,
quest_d3_01_teleport.bin,LIFT_ERROR,subblock unbalanced stack: depth 9 -> 10,920,0,
quest_d3_02.bin,OK_ROUNDTRIP,,4205,4205,
quest_d3_02_btrigger.bin,OK_ROUNDTRIP,,948,948,
quest_d3_02_butcher.bin,LIFT_ERROR,JumpB target 0x1b8 not in current body,18721,0,
quest_d3_02_doberman.bin,OK_ROUNDTRIP,,7406,7406,
quest_d3_03.bin,OK_ROUNDTRIP,,1922,1922,
quest_d3_03_boy.bin,LIFT_ERROR,unstructured Jump at 0x2e6 -> 0x2fa,17528,0,
quest_d3_klara.bin,OK_ROUNDTRIP,,7209,7209,
quest_d4_01.bin,OK_ROUNDTRIP,,3548,3548,
quest_d4_01_birdmask.bin,OK_ROUNDTRIP,,7647,7647,
quest_d4_01_kactor1.bin,LIFT_ERROR,JumpB target 0x66 not in current body,16004,0,
quest_d4_01_kactor2.bin,LIFT_ERROR,JumpB target 0x66 not in current body,15395,0,
quest_d4_01_sobor_guard.bin,OK_ROUNDTRIP,,8538,8538,
quest_d4_01_theater_guard.bin,OK_ROUNDTRIP,,8475,8475,
quest_d4_01_wastedwoman.bin,OK_ROUNDTRIP,,8009,8009,
quest_d4_02.bin,OK_ROUNDTRIP,,3958,3958,
quest_d4_02_birdmask.bin,OK_ROUNDTRIP,,11077,11077,
quest_d4_02_survival.bin,OK_ROUNDTRIP,,408,408,
quest_d4_03.bin,OK_ROUNDTRIP,,3196,3196,
quest_d4_03_grabitel.bin,LIFT_ERROR,JumpB target 0x118 not in current body,19115,0,
quest_d5_01.bin,OK_ROUNDTRIP,,8546,8546,
quest_d5_01_burah.bin,OK_ROUNDTRIP,,10914,10914,
quest_d5_01_corpse.bin,OK_ROUNDTRIP,,961,961,
quest_d5_01_cutscene.bin,OK_ROUNDTRIP,,2355,2355,
quest_d5_01_girl_corpse.bin,OK_ROUNDTRIP,,2164,2164,
quest_d5_01_mpatrol.bin,LIFT_ERROR,JumpB target 0x20d not in current body,23763,0,
quest_d5_01_patrol.bin,LIFT_ERROR,JumpB target 0x158 not in current body,20682,0,
quest_d5_01_patrol_cs.bin,LIFT_ERROR,JumpB target 0x9e not in current body,16713,0,
quest_d5_01_sobor_guard1.bin,OK_ROUNDTRIP,,6565,6565,
quest_d5_01_sobor_guard2.bin,OK_ROUNDTRIP,,6734,6734,
quest_d5_01_sobor_guard3.bin,OK_ROUNDTRIP,,6565,6565,
quest_d5_01_theater_guard.bin,OK_ROUNDTRIP,,8764,8764,
quest_d5_02.bin,OK_ROUNDTRIP,,2480,2480,
quest_d5_02_girl.bin,OK_ROUNDTRIP,,10718,10718,
quest_d5_02_gorbun.bin,SCOMP_ERROR,"Error during compilation: ""Variable ""_null_obj"" not found (compiling: ""t2::init"")""",20053,0,
quest_d5_03.bin,OK_ROUNDTRIP,,3728,3728,
quest_d5_03_alkash.bin,OK_ROUNDTRIP,,6910,6910,
quest_d5_03_birdmask.bin,OK_ROUNDTRIP,,13296,13296,
quest_d5_03_cutscene.bin,OK_ROUNDTRIP,,2212,2212,
quest_d5_03_unosha.bin,OK_ROUNDTRIP,,6910,6910,
quest_d5_03_wastedmale.bin,OK_ROUNDTRIP,,6910,6910,
quest_d5_03_worker.bin,OK_ROUNDTRIP,,6910,6910,
quest_d6_01.bin,OK_ROUNDTRIP,,2486,2486,
quest_d6_01_boy.bin,OK_ROUNDTRIP,,7240,7240,
quest_d6_01_girl.bin,OK_ROUNDTRIP,,7242,7242,
quest_d6_01_klara.bin,OK_ROUNDTRIP,,21966,21966,
quest_d6_01_littleboy.bin,OK_ROUNDTRIP,,6639,6639,
quest_d6_01_littlegirl.bin,OK_ROUNDTRIP,,7411,7411,
quest_d6_01_unosha.bin,OK_ROUNDTRIP,,7332,7332,
quest_d6_01_wasted_male.bin,OK_ROUNDTRIP,,7466,7466,
quest_d6_01_wasted_woman.bin,OK_ROUNDTRIP,,7362,7362,
quest_d6_01_woman.bin,OK_ROUNDTRIP,,6853,6853,
quest_d6_01_worker.bin,OK_ROUNDTRIP,,7077,7077,
quest_d6_02.bin,OK_ROUNDTRIP,,3201,3201,
quest_d6_02_bomber.bin,SCOMP_ERROR,"Error during compilation: ""Variable ""_null_obj"" not found (compiling: ""t1::init"")""",20736,0,
quest_d6_02_gorbun.bin,SCOMP_ERROR,"Error during compilation: ""Variable ""_null_obj"" not found (compiling: ""t1::init"")""",20957,0,
quest_d6_03.bin,OK_ROUNDTRIP,,2674,2674,
quest_d6_03_albinos.bin,LIFT_ERROR,unstructured Jump at 0x24c -> 0x260,16803,0,
quest_d7_01.bin,OK_ROUNDTRIP,,3339,3339,
quest_d7_01_birdmask1.bin,BIN_MISMATCH,,11232,11225,0x644
quest_d7_01_birdmask2.bin,BIN_MISMATCH,,11415,11408,0x542
quest_d7_01_birdmask3.bin,BIN_MISMATCH,,11155,11148,0x62c
quest_d7_01_cutscene.bin,OK_ROUNDTRIP,,1695,1695,
quest_d7_02.bin,OK_ROUNDTRIP,,1378,1378,
quest_d7_02_corpse.bin,OK_ROUNDTRIP,,2274,2274,
quest_d7_03.bin,OK_ROUNDTRIP,,1808,1808,
quest_d7_03_aglaja.bin,OK_ROUNDTRIP,,14513,14513,
quest_d7_03_maria.bin,OK_ROUNDTRIP,,7621,7621,
quest_d7_04.bin,OK_ROUNDTRIP,,3895,3895,
quest_d7_04_andrei.bin,OK_ROUNDTRIP,,10004,10004,
quest_d7_04_enemy.bin,LIFT_ERROR,JumpB target 0x280 not in current body,33953,0,
quest_d7_04_nudegirl.bin,OK_ROUNDTRIP,,3010,3010,
quest_d7_04_wastedmale.bin,OK_ROUNDTRIP,,11555,11555,
quest_d8_01.bin,OK_ROUNDTRIP,,3906,3906,
quest_d8_01_burah.bin,OK_ROUNDTRIP,,12810,12810,
quest_d8_01_cutscene.bin,BIN_MISMATCH,,4127,4133,0x4d0
quest_d8_02.bin,OK_ROUNDTRIP,,2240,2240,
quest_d8_02_doberman.bin,OK_ROUNDTRIP,,11096,11096,
quest_d8_03.bin,OK_ROUNDTRIP,,1579,1579,
quest_d8_03_burah.bin,OK_ROUNDTRIP,,20203,20203,
quest_d8_04.bin,OK_ROUNDTRIP,,2335,2335,
quest_d8_04_morlok.bin,LIFT_ERROR,JumpB target 0x2c6 not in current body,24482,0,
quest_d9_01.bin,OK_ROUNDTRIP,,3125,3125,
quest_d9_01_doberman.bin,OK_ROUNDTRIP,,6960,6960,
quest_d9_01_sanitar.bin,LIFT_ERROR,unstructured Jump at 0xa0 -> 0x7d,18546,0,
quest_d9_01_wagon.bin,OK_ROUNDTRIP,,1896,1896,
quest_d9_02.bin,OK_ROUNDTRIP,,2446,2446,
quest_d9_02_enemy.bin,LIFT_ERROR,JumpB target 0x280 not in current body,34434,0,
quest_d9_02_enemy_rifle.bin,LIFT_ERROR,JumpB target 0x280 not in current body,34395,0,
quest_d9_05.bin,OK_ROUNDTRIP,,1521,1521,
quest_d9_05_burah.bin,OK_ROUNDTRIP,,12546,12546,
quest_k10_01.bin,OK_ROUNDTRIP,,6477,6477,
quest_k10_01_burah.bin,OK_ROUNDTRIP,,11647,11647,
quest_k10_01_danko.bin,OK_ROUNDTRIP,,12583,12583,
quest_k10_01_prophet.bin,OK_ROUNDTRIP,,7255,7255,
quest_k10_01_rubin.bin,OK_ROUNDTRIP,,11608,11608,
quest_k10_01_soldier.bin,OK_ROUNDTRIP,,6591,6591,
quest_k10_01_wastedmale.bin,OK_ROUNDTRIP,,11025,11025,
quest_k10_01_wastedmale_free.bin,LIFT_ERROR,unstructured Jump at 0x29d -> 0x2b1,14250,0,
quest_k10_01_wastedmale_u.bin,LIFT_ERROR,JumpB target 0xb4 not in current body,16628,0,
quest_k11_01.bin,OK_ROUNDTRIP,,6138,6138,
quest_k11_01_andrei.bin,OK_ROUNDTRIP,,9715,9715,
quest_k11_01_burah.bin,OK_ROUNDTRIP,,12056,12056,
quest_k11_01_cutscene.bin,OK_ROUNDTRIP,,3414,3414,
quest_k11_01_danko.bin,OK_ROUNDTRIP,,13364,13364,
quest_k11_01_kabak_officer.bin,OK_ROUNDTRIP,,8368,8368,
quest_k11_01_kabak_soldier.bin,OK_ROUNDTRIP,,8368,8368,
quest_k11_01_officer.bin,OK_ROUNDTRIP,,8928,8928,
quest_k11_01_officer_agony.bin,BIN_MISMATCH,,4960,4960,0xa6f
quest_k11_01_soldier.bin,OK_ROUNDTRIP,,8805,8805,
quest_k12_01.bin,OK_ROUNDTRIP,,15351,15351,
quest_k12_01_aglaja.bin,OK_ROUNDTRIP,,6723,6723,
quest_k12_01_birdmask_s.bin,OK_ROUNDTRIP,,9217,9217,
quest_k12_01_birdmask_t.bin,OK_ROUNDTRIP,,11719,11719,
quest_k12_01_block.bin,OK_ROUNDTRIP,,11375,11375,
quest_k12_01_burah.bin,OK_ROUNDTRIP,,6531,6531,
quest_k12_01_danko.bin,OK_ROUNDTRIP,,6543,6543,
quest_k12_01_hidden_room_cutscene.bin,OK_ROUNDTRIP,,1821,1821,
quest_k12_01_klara2.bin,OK_ROUNDTRIP,,6507,6507,
quest_k12_01_littleboy.bin,OK_ROUNDTRIP,,6614,6614,
quest_k12_01_littlegirl.bin,OK_ROUNDTRIP,,6614,6614,
quest_k12_01_sobor_cutscene.bin,BIN_MISMATCH,,3085,3097,0x3e5
quest_k12_01_tbirdmask.bin,OK_ROUNDTRIP,,8663,8663,
quest_k12_01_theater_cutscene.bin,OK_ROUNDTRIP,,1809,1809,
quest_k12_01_twhitemask.bin,OK_ROUNDTRIP,,9295,9295,
quest_k1_01.bin,OK_ROUNDTRIP,,7805,7805,
quest_k1_01_agony.bin,BIN_MISMATCH,,4520,4520,0x8b7
quest_k1_01_birdmask.bin,OK_ROUNDTRIP,,8740,8740,
quest_k1_01_cutscene.bin,OK_ROUNDTRIP,,2257,2257,
quest_k1_01_danko.bin,OK_ROUNDTRIP,,9654,9654,
quest_k1_01_doberman.bin,SCOMP_ERROR,"Error during compilation: ""Variable ""_null_obj"" not found (compiling: ""t3::init"")""",13134,0,
quest_k1_01_dohodyaga.bin,OK_ROUNDTRIP,,11685,11685,
quest_k1_01_grabitel.bin,LIFT_ERROR,JumpB target 0x16f not in current body,21900,0,
quest_k1_01_katerina.bin,OK_ROUNDTRIP,,12813,12813,
quest_k1_01_statist.bin,OK_ROUNDTRIP,,3008,3008,
quest_k1_01_whitemask.bin,OK_ROUNDTRIP,,8245,8245,
quest_k1_01_worker.bin,OK_ROUNDTRIP,,3265,3265,
quest_k2_03.bin,OK_ROUNDTRIP,,2192,2192,
quest_k2_03_arfist.bin,OK_ROUNDTRIP,,8638,8638,
quest_k2_03_danko.bin,OK_ROUNDTRIP,,8754,8754,
quest_k3_04.bin,OK_ROUNDTRIP,,2879,2879,
quest_k3_04_boy.bin,LIFT_ERROR,unstructured Jump at 0x226 -> 0x23a,14692,0,
quest_k3_04_burah.bin,OK_ROUNDTRIP,,12757,12757,
quest_k3_04_danko.bin,OK_ROUNDTRIP,,15615,15615,
quest_k4_01.bin,OK_ROUNDTRIP,,5548,5548,
quest_k4_01_britva.bin,OK_ROUNDTRIP,,7445,7445,
quest_k4_01_britva_attack.bin,LIFT_ERROR,JumpB target 0x35a not in current body,16436,0,
quest_k4_01_cutscene.bin,OK_ROUNDTRIP,,1729,1729,
quest_k4_01_grabitel.bin,LIFT_ERROR,JumpB target 0x29e not in current body,22985,0,
quest_k4_01_grabitel_e.bin,SCOMP_ERROR,"Error during compilation: ""Variable ""_null_obj"" not found (compiling: ""t3::init"")""",12114,0,
quest_k4_01_meshok.bin,OK_ROUNDTRIP,,2289,2289,
quest_k4_02.bin,OK_ROUNDTRIP,,3068,3068,
quest_k4_02_birdmask.bin,OK_ROUNDTRIP,,10713,10713,
quest_k4_02_mark.bin,OK_ROUNDTRIP,,10562,10562,
quest_k4_02_prophet.bin,OK_ROUNDTRIP,,9723,9723,
quest_k4_03.bin,OK_ROUNDTRIP,,1814,1814,
quest_k4_03_burah.bin,OK_ROUNDTRIP,,10712,10712,
quest_k5_02.bin,OK_ROUNDTRIP,,2310,2310,
quest_k5_02_kabatchik.bin,OK_ROUNDTRIP,,9421,9421,
quest_k5_02_patrol.bin,OK_ROUNDTRIP,,3010,3010,
quest_k5_03.bin,LIFT_ERROR,task-var index 1 >= task-var count 0,4468,0,
quest_k5_03_albinos.bin,LIFT_ERROR,unstructured Jump at 0x2f7 -> 0x30b,18013,0,
quest_k5_03_enemy.bin,LIFT_ERROR,JumpB target 0x280 not in current body,34065,0,
quest_k5_04.bin,OK_ROUNDTRIP,,6353,6353,
quest_k5_04_sobor_boy.bin,OK_ROUNDTRIP,,2339,2339,
quest_k5_04_sobor_girl.bin,OK_ROUNDTRIP,,6015,6015,
quest_k5_04_sobor_guard_patrol.bin,OK_ROUNDTRIP,,10612,10612,
quest_k5_04_sobor_guard_wasted.bin,OK_ROUNDTRIP,,10612,10612,
quest_k5_04_sobor_nudegirl.bin,OK_ROUNDTRIP,,6015,6015,
quest_k5_04_sobor_salesman.bin,OK_ROUNDTRIP,,6015,6015,
quest_k5_04_sobor_unosha.bin,OK_ROUNDTRIP,,6015,6015,
quest_k5_04_sobor_wasted_woman.bin,OK_ROUNDTRIP,,6015,6015,
quest_k5_04_sobor_woman.bin,OK_ROUNDTRIP,,6015,6015,
quest_k5_04_sobor_worker.bin,OK_ROUNDTRIP,,6015,6015,
quest_k6_01.bin,OK_ROUNDTRIP,,7682,7682,
quest_k6_01_danko.bin,OK_ROUNDTRIP,,11403,11403,
quest_k6_03.bin,LIFT_ERROR,task-var index 0 >= task-var count 0,3824,0,
quest_k6_03_albinos.bin,LIFT_ERROR,unstructured Jump at 0x32c -> 0x340,18553,0,
quest_k6_03_bomber.bin,SCOMP_ERROR,"Error during compilation: ""Variable ""_null_obj"" not found (compiling: ""t1::init"")""",20433,0,
quest_k7_01.bin,OK_ROUNDTRIP,,4271,4271,
quest_k7_01_birdmask.bin,BIN_MISMATCH,,12977,12970,0x6bd
quest_k7_01_burah.bin,OK_ROUNDTRIP,,19829,19829,
quest_k7_01_danko.bin,OK_ROUNDTRIP,,20127,20127,
quest_k7_02.bin,OK_ROUNDTRIP,,1647,1647,
quest_k7_02_gatherer.bin,OK_ROUNDTRIP,,8900,8900,
quest_k7_03.bin,OK_ROUNDTRIP,,1927,1927,
quest_k7_03_daughter.bin,OK_ROUNDTRIP,,3010,3010,
quest_k7_03_father.bin,OK_ROUNDTRIP,,9099,9099,
quest_k7_03_son.bin,OK_ROUNDTRIP,,3010,3010,
quest_k8_01.bin,OK_ROUNDTRIP,,1358,1358,
quest_k9_01.bin,OK_ROUNDTRIP,,3159,3159,
quest_k9_01_burah.bin,OK_ROUNDTRIP,,12110,12110,
quest_k9_01_danko.bin,OK_ROUNDTRIP,,11393,11393,
quest_k9_01_littleboy.bin,OK_ROUNDTRIP,,9330,9330,
quest_k9_01_littlegirl.bin,OK_ROUNDTRIP,,9607,9607,
rat.bin,LIFT_ERROR,JumpB target 0x206 not in current body,13245,0,
rat_big.bin,LIFT_ERROR,JumpB target 0x206 not in current body,14357,0,
rat_indoor.bin,LIFT_ERROR,JumpB target 0x206 not in current body,13311,0,
rat_race.bin,BIN_MISMATCH,,2661,2309,0x13
rats_manager.bin,LIFT_ERROR,unstructured Jump at 0x614 -> 0x62e,19146,0,
ricochet.bin,OK_ROUNDTRIP,,659,659,
rifle_smoke.bin,OK_ROUNDTRIP,,773,773,
rubbish_bin.bin,OK_ROUNDTRIP,,1333,1333,
salesman.bin,OK_ROUNDTRIP,,14755,14755,
salesman_kabak.bin,OK_ROUNDTRIP,,5611,5611,
sanitar_stationary.bin,LIFT_ERROR,unstructured Jump at 0xa0 -> 0x7d,18486,0,
sanitar_wanderer.bin,LIFT_ERROR,unstructured Jump at 0x4fc -> 0x4bd,27763,0,
scene_boiny.bin,OK_ROUNDTRIP,,1948,1948,
scene_boiny_arena.bin,OK_ROUNDTRIP,,2188,2188,
scene_boiny_danko.bin,OK_ROUNDTRIP,,312,312,
scene_cot_kapella.bin,OK_ROUNDTRIP,,1088,1088,
scene_cot_maria_burah.bin,OK_ROUNDTRIP,,823,823,
scene_cot_viktor.bin,OK_ROUNDTRIP,,1088,1088,
scene_crypt2.bin,OK_ROUNDTRIP,,401,401,
scene_eva_burah.bin,OK_ROUNDTRIP,,1149,1149,
scene_eva_danko.bin,OK_ROUNDTRIP,,2203,2203,
scene_eva_klara.bin,OK_ROUNDTRIP,,1435,1435,
scene_factory2_klara.bin,OK_ROUNDTRIP,,823,823,
scene_factory_burah.bin,OK_ROUNDTRIP,,320,320,
scene_factory_danko.bin,OK_ROUNDTRIP,,897,897,
scene_factory_klara.bin,OK_ROUNDTRIP,,95,95,
scene_hidden_room_burah.bin,OK_ROUNDTRIP,,423,423,
scene_hidden_room_danko.bin,OK_ROUNDTRIP,,423,423,
scene_hidden_room_klara.bin,OK_ROUNDTRIP,,423,423,
scene_horror.bin,OK_ROUNDTRIP,,1681,1681,
scene_house_kapella_burah.bin,OK_ROUNDTRIP,,1159,1159,
scene_house_kapella_danko.bin,OK_ROUNDTRIP,,839,839,
scene_house_kapella_klara.bin,OK_ROUNDTRIP,,839,839,
scene_house_mladvlad_burah.bin,SCOMP_ERROR,"Error during compilation: ""Function ""f_15_a0_v@0"" not found (compiling: ""t0::OnLoad"")""",856,0,
scene_house_mladvlad_danko.bin,OK_ROUNDTRIP,,1164,1164,
scene_house_mladvlad_klara.bin,SCOMP_ERROR,"Error during compilation: ""Function ""f_15_a0_v@0"" not found (compiling: ""t0::OnLoad"")""",856,0,
scene_house_petr_burah.bin,OK_ROUNDTRIP,,815,815,
scene_house_petr_danko.bin,OK_ROUNDTRIP,,318,318,
scene_house_spi4ka_burah.bin,OK_ROUNDTRIP,,831,831,
scene_house_spi4ka_danko.bin,OK_ROUNDTRIP,,831,831,
scene_house_spi4ka_klara.bin,OK_ROUNDTRIP,,831,831,
scene_k2system_burah.bin,OK_ROUNDTRIP,,2411,2411,
scene_k2system_danko.bin,OK_ROUNDTRIP,,2435,2435,
scene_kabak_burah.bin,BIN_MISMATCH,,4741,4747,0x417
scene_kabak_danko.bin,BIN_MISMATCH,,4253,4259,0x3c7
scene_kabak_klara.bin,BIN_MISMATCH,,4253,4259,0x3c7
scene_katerina_danko.bin,OK_ROUNDTRIP,,846,846,
scene_mnogogrannik.bin,OK_ROUNDTRIP,,2626,2626,
scene_mnogogrannik_han_burah.bin,OK_ROUNDTRIP,,807,807,
scene_mnogogrannik_han_danko.bin,OK_ROUNDTRIP,,807,807,
scene_mnogogrannik_han_klara.bin,OK_ROUNDTRIP,,807,807,
scene_nailed.bin,LIFT_ERROR,JumpB target 0x1a2 not in current body,5779,0,
scene_nailed_hunter.bin,LIFT_ERROR,JumpB target 0x209 not in current body,7153,0,
scene_normal.bin,LIFT_ERROR,JumpB target 0x295 not in current body,8691,0,
scene_s_house5_unoin03r.bin,OK_ROUNDTRIP,,1922,1922,
scene_s_house7_03.bin,OK_ROUNDTRIP,,2072,2072,
scene_sobor_burah.bin,OK_ROUNDTRIP,,1645,1645,
scene_sobor_danko.bin,OK_ROUNDTRIP,,1645,1645,
scene_sobor_klara.bin,OK_ROUNDTRIP,,1751,1751,
scene_sobor_trup.bin,OK_ROUNDTRIP,,2398,2398,
scene_storojka_burah.bin,OK_ROUNDTRIP,,1052,1052,
scene_storojka_danko.bin,OK_ROUNDTRIP,,823,823,
scene_storojka_klara.bin,OK_ROUNDTRIP,,823,823,
scene_termitnik.bin,LIFT_ERROR,JumpB target 0xff not in current body,3996,0,
scene_termitnik2_burah.bin,OK_ROUNDTRIP,,113,113,
scene_termitnik2_danko.bin,OK_ROUNDTRIP,,113,113,
scene_termitnik2_klara.bin,OK_ROUNDTRIP,,340,340,
scene_termitnik_mat_burah.bin,OK_ROUNDTRIP,,1609,1609,
scene_termitnik_mat_danko.bin,OK_ROUNDTRIP,,1609,1609,
scene_termitnik_mat_danko1.bin,OK_ROUNDTRIP,,201,201,
scene_termitnik_mat_klara.bin,OK_ROUNDTRIP,,1609,1609,
scene_theater_burah.bin,OK_ROUNDTRIP,,2381,2381,
scene_theater_danko.bin,OK_ROUNDTRIP,,2381,2381,
scene_theater_final.bin,OK_ROUNDTRIP,,1570,1570,
scene_theater_klara.bin,OK_ROUNDTRIP,,2446,2446,
scene_uprava.bin,OK_ROUNDTRIP,,316,316,
scene_uprava_admin_army_danko.bin,OK_ROUNDTRIP,,1077,1077,
scene_warehouse_gangster.bin,OK_ROUNDTRIP,,415,415,
scene_warehouse_rats_race.bin,OK_ROUNDTRIP,,706,706,
scene_warehouse_rubin_burah.bin,OK_ROUNDTRIP,,1062,1062,
scene_warehouse_rubin_danko.bin,OK_ROUNDTRIP,,1062,1062,
scene_warehouse_rubin_klara.bin,OK_ROUNDTRIP,,1062,1062,
sdoor.bin,OK_ROUNDTRIP,,906,906,
sdoor_key.bin,OK_ROUNDTRIP,,1169,1169,
servant.bin,OK_ROUNDTRIP,,2128,2128,
sobor_whitemask.bin,OK_ROUNDTRIP,,354,354,
soldier_fire.bin,OK_ROUNDTRIP,,333,333,
soldier_marauder.bin,LIFT_ERROR,unstructured Jump at 0x1a8 -> 0x1bc,11508,0,
soldier_stationary.bin,SCOMP_ERROR,"Error during compilation: ""Variable ""_null_obj"" not found (compiling: ""t0::init"")""",21459,0,
sound.bin,OK_ROUNDTRIP,,2036,2036,
splash_object_wo_pf.bin,OK_ROUNDTRIP,,184,184,
stationary_static_dis.bin,OK_ROUNDTRIP,,856,856,
test_lsh.bin,OK_ROUNDTRIP,,829,829,
torch.bin,OK_ROUNDTRIP,,726,726,
trigger_actor.bin,OK_ROUNDTRIP,,463,463,
trigger_door.bin,OK_ROUNDTRIP,,1344,1344,
trigger_fire_damage.bin,BIN_MISMATCH,,3094,3084,0x225
trigger_idoor.bin,OK_ROUNDTRIP,,1085,1085,
trigger_scene.bin,OK_ROUNDTRIP,,322,322,
trigger_tower.bin,OK_ROUNDTRIP,,693,693,
tutorial_mask1.bin,OK_ROUNDTRIP,,8017,8017,
tutorial_mask2.bin,OK_ROUNDTRIP,,7901,7901,
ui_agony.bin,BIN_MISMATCH,,5767,5774,0x259
ui_agony_text.bin,OK_ROUNDTRIP,,358,358,
ui_apparatus.bin,BIN_MISMATCH,,9699,9731,0x3c5
ui_apparatus_io_slot.bin,OK_ROUNDTRIP,,960,960,
ui_button.bin,OK_ROUNDTRIP,,458,458,
ui_checkbox.bin,OK_ROUNDTRIP,,487,487,
ui_choose_pers.bin,OK_ROUNDTRIP,,6473,6473,
ui_chooseitem.bin,BIN_MISMATCH,,1140,1146,0x118
ui_container.bin,BIN_MISMATCH,,7628,7687,0x3a6
ui_container_slot.bin,OK_ROUNDTRIP,,982,982,
ui_corpse_container.bin,BIN_MISMATCH,,9813,9907,0x3db
ui_corpse_slot.bin,OK_ROUNDTRIP,,987,987,
ui_corpse_tool.bin,OK_ROUNDTRIP,,640,640,
ui_cursor.bin,OK_ROUNDTRIP,,137,137,
ui_dapparatus.bin,BIN_MISMATCH,,10183,10209,0x454
ui_daychange.bin,OK_ROUNDTRIP,,5000,5000,
ui_daychangereal.bin,OK_ROUNDTRIP,,1359,1359,
ui_dialog.bin,OK_ROUNDTRIP,,160,160,
ui_dialog_bphoto.bin,OK_ROUNDTRIP,,427,427,
ui_dialog_btext.bin,OK_ROUNDTRIP,,958,958,
ui_dialog_history.bin,BIN_MISMATCH,,2686,2709,0x1a1
ui_dialog_photo.bin,OK_ROUNDTRIP,,571,571,
ui_dialog_text.bin,OK_ROUNDTRIP,,3363,3363,
ui_dialog_title.bin,OK_ROUNDTRIP,,523,523,
ui_diary.bin,OK_ROUNDTRIP,,1126,1126,
ui_diary_text.bin,BIN_MISMATCH,,2049,2061,0x12b
ui_dream.bin,OK_ROUNDTRIP,,2996,2996,
ui_dream_button.bin,OK_ROUNDTRIP,,560,560,
ui_dream_progress.bin,OK_ROUNDTRIP,,651,651,
ui_dream_time.bin,OK_ROUNDTRIP,,1006,1006,
ui_dynamic_text.bin,OK_ROUNDTRIP,,456,456,
ui_editbox.bin,OK_ROUNDTRIP,,2144,2144,
ui_game.bin,OK_ROUNDTRIP,,7008,7008,
ui_game_button.bin,OK_ROUNDTRIP,,339,339,
ui_game_button_highlight.bin,OK_ROUNDTRIP,,384,384,
ui_game_button_highlight1.bin,OK_ROUNDTRIP,,635,635,
ui_game_button_simple.bin,OK_ROUNDTRIP,,210,210,
ui_game_min.bin,OK_ROUNDTRIP,,176,176,
ui_game_pers_choose.bin,OK_ROUNDTRIP,,461,461,
ui_gameover.bin,OK_ROUNDTRIP,,6479,6479,
ui_gameover_beda.bin,OK_ROUNDTRIP,,6545,6545,
ui_gameover_beda_chudo.bin,OK_ROUNDTRIP,,1136,1136,
ui_gameover_credits.bin,OK_ROUNDTRIP,,6438,6438,
ui_gameover_fail.bin,OK_ROUNDTRIP,,6489,6489,
ui_gameover_smirennik.bin,OK_ROUNDTRIP,,6549,6549,
ui_gameover_smirennik_chudo.bin,OK_ROUNDTRIP,,1140,1140,
ui_gameover_termit.bin,OK_ROUNDTRIP,,6549,6549,
ui_gameover_termit_chudo.bin,OK_ROUNDTRIP,,1140,1140,
ui_gameover_utopist.bin,OK_ROUNDTRIP,,6545,6545,
ui_gameover_utopist_chudo.bin,OK_ROUNDTRIP,,1136,1136,
ui_ingame.bin,OK_ROUNDTRIP,,6405,6405,
ui_intro.bin,OK_ROUNDTRIP,,3804,3804,
ui_intro_picture.bin,OK_ROUNDTRIP,,1026,1026,
ui_inv_money_slot.bin,OK_ROUNDTRIP,,555,555,
ui_inv_slot.bin,OK_ROUNDTRIP,,1342,1342,
ui_inventory.bin,BIN_MISMATCH,,6267,6325,0x333
ui_inventory_time.bin,OK_ROUNDTRIP,,1024,1024,
ui_key_action_list.bin,BIN_MISMATCH,,7424,7418,0x37c
ui_load.bin,LIFT_ERROR,JumpB target 0x40 not in current body,6166,0,
ui_map.bin,BIN_MISMATCH,,10419,10701,0x684
ui_map_tavro.bin,OK_ROUNDTRIP,,681,681,
ui_message.bin,OK_ROUNDTRIP,,1154,1154,
ui_message_text.bin,BIN_MISMATCH,,4405,4418,0x15a
ui_microscope.bin,BIN_MISMATCH,,5100,5159,0x309
ui_microscope_video.bin,OK_ROUNDTRIP,,1468,1468,
ui_options.bin,OK_ROUNDTRIP,,4162,4162,
ui_options_page_audio.bin,OK_ROUNDTRIP,,545,545,
ui_options_page_controls.bin,OK_ROUNDTRIP,,385,385,
ui_options_page_video.bin,OK_ROUNDTRIP,,385,385,
ui_people.bin,OK_ROUNDTRIP,,311,311,
ui_people_text.bin,OK_ROUNDTRIP,,13805,13805,
ui_player_stat_text.bin,OK_ROUNDTRIP,,456,456,
ui_player_stats.bin,OK_ROUNDTRIP,,2353,2353,
ui_player_stats_bar.bin,OK_ROUNDTRIP,,728,728,
ui_player_stats_name.bin,OK_ROUNDTRIP,,728,728,
ui_player_stats_photo.bin,OK_ROUNDTRIP,,584,584,
ui_player_stats_time.bin,OK_ROUNDTRIP,,954,954,
ui_playerstat.bin,LIFT_ERROR,unstructured Jump at 0x385 -> 0x3ff,12123,0,
ui_playerstat1.bin,OK_ROUNDTRIP,,6773,6773,
ui_playerstat_simple.bin,OK_ROUNDTRIP,,752,752,
ui_repair.bin,OK_ROUNDTRIP,,3422,3422,
ui_repair1.bin,BIN_MISMATCH,,1426,1432,0x16f
ui_repair_slot.bin,OK_ROUNDTRIP,,1237,1237,
ui_save.bin,LIFT_ERROR,JumpB target 0x46 not in current body,6259,0,
ui_scrollbar.bin,LIFT_ERROR,subblock unbalanced stack: depth 1 -> 2,2458,0,
ui_scrollbar_button.bin,OK_ROUNDTRIP,,339,339,
ui_scrollbar_hor.bin,LIFT_ERROR,subblock unbalanced stack: depth 1 -> 2,2458,0,
ui_tab_button.bin,OK_ROUNDTRIP,,503,503,
ui_tooltip_cursor.bin,BIN_MISMATCH,,14001,14008,0x419
ui_tooltip_map_cursor.bin,BIN_MISMATCH,,12787,12794,0x3e8
ui_trade.bin,BIN_MISMATCH,,18140,18104,0x4e8
ui_trade_1024x768.bin,BIN_MISMATCH,,18238,18202,0x4f0
ui_trade_1280x1024.bin,BIN_MISMATCH,,18238,18202,0x4f0
ui_trade_800x600.bin,BIN_MISMATCH,,18238,18202,0x4f0
ui_trade_button.bin,OK_ROUNDTRIP,,376,376,
ui_trade_buy_slot.bin,OK_ROUNDTRIP,,1485,1485,
ui_trade_money_slot.bin,OK_ROUNDTRIP,,300,300,
ui_trade_sell_slot.bin,OK_ROUNDTRIP,,1594,1594,
ui_visir_level.bin,OK_ROUNDTRIP,,280,280,
ui_wheel_redirector.bin,OK_ROUNDTRIP,,148,148,
urna.bin,OK_ROUNDTRIP,,958,958,
volonteer_birdmask.bin,OK_ROUNDTRIP,,21195,21195,
volonteers_burah.bin,BIN_MISMATCH,,29327,29351,0xd87
volonteers_danko.bin,BIN_MISMATCH,,29370,29394,0xd87
volonteers_klara.bin,BIN_MISMATCH,,29413,29437,0xd87
wanderer_retreat.bin,LIFT_ERROR,unstructured Jump at 0x314 -> 0x328,15979,0,
weapon_shot.bin,OK_ROUNDTRIP,,830,830,
weather.bin,OK_ROUNDTRIP,,8219,8219,
weather1.bin,OK_ROUNDTRIP,,5790,5790,
world_burah.bin,BIN_MISMATCH,,146904,146985,0x4ad7
world_danko.bin,BIN_MISMATCH,,148864,148945,0x52cf
world_final.bin,LIFT_ERROR,task-var index 0 >= task-var count 0,1595,0,
world_intro.bin,BIN_MISMATCH,,1118,1125,0x1ba
world_klara.bin,BIN_MISMATCH,,128351,128432,0x401a
world_min.bin,OK_ROUNDTRIP,,360,360,
